{'sample_size': 15, 'difference': -7, 'noise': 0, 'n': 60, 'shap_error': np.float64(2.2972570161056396), 'shap_norm_sq': np.float64(3.4714386616135187)}
{'sample_size': 30, 'difference': 1, 'noise': 0, 'n': 60, 'shap_error': np.float64(1.662978200915941), 'shap_norm_sq': np.float64(3.4714386616135187)}
{'sample_size': 60, 'difference': 0, 'noise': 0, 'n': 60, 'shap_error': np.float64(3.466847786681705), 'shap_norm_sq': np.float64(3.4714386616135187)}
{'sample_size': 120, 'difference': 0, 'noise': 0, 'n': 60, 'shap_error': np.float64(13.611431252238509), 'shap_norm_sq': np.float64(3.4714386616135187)}
{'sample_size': 240, 'difference': 0, 'noise': 0, 'n': 60, 'shap_error': np.float64(3.567930446983531), 'shap_norm_sq': np.float64(3.4714386616135187)}
{'sample_size': 480, 'difference': 0, 'noise': 0, 'n': 60, 'shap_error': np.float64(2.0472060970639325), 'shap_norm_sq': np.float64(3.4714386616135187)}
{'sample_size': 960, 'difference': 0, 'noise': 0, 'n': 60, 'shap_error': np.float64(0.72861617417067), 'shap_norm_sq': np.float64(3.4714386616135187)}
{'sample_size': 1920, 'difference': 0, 'noise': 0, 'n': 60, 'shap_error': np.float64(0.2694833136329588), 'shap_norm_sq': np.float64(3.4714386616135187)}
{'sample_size': 3840, 'difference': 0, 'noise': 0, 'n': 60, 'shap_error': np.float64(0.1393347805891776), 'shap_norm_sq': np.float64(3.4714386616135187)}
{'sample_size': 7680, 'difference': 0, 'noise': 0, 'n': 60, 'shap_error': np.float64(0.0654600294193177), 'shap_norm_sq': np.float64(3.4714386616135187)}
{'sample_size': 15360, 'difference': 0, 'noise': 0, 'n': 60, 'shap_error': np.float64(0.029002904883150476), 'shap_norm_sq': np.float64(3.4714386616135187)}
{'sample_size': 15, 'difference': -7, 'noise': 0, 'n': 60, 'shap_error': np.float64(1.7564326009227276), 'shap_norm_sq': np.float64(2.0152143393841495)}
{'sample_size': 30, 'difference': 1, 'noise': 0, 'n': 60, 'shap_error': np.float64(1.5563441625685104), 'shap_norm_sq': np.float64(2.0152143393841495)}
{'sample_size': 60, 'difference': 0, 'noise': 0, 'n': 60, 'shap_error': np.float64(2.2255820913131616), 'shap_norm_sq': np.float64(2.0152143393841495)}
{'sample_size': 120, 'difference': 0, 'noise': 0, 'n': 60, 'shap_error': np.float64(11.568525426182223), 'shap_norm_sq': np.float64(2.0152143393841495)}
{'sample_size': 240, 'difference': 0, 'noise': 0, 'n': 60, 'shap_error': np.float64(2.6471574672580807), 'shap_norm_sq': np.float64(2.0152143393841495)}
{'sample_size': 480, 'difference': 0, 'noise': 0, 'n': 60, 'shap_error': np.float64(1.4623224716906646), 'shap_norm_sq': np.float64(2.0152143393841495)}
{'sample_size': 960, 'difference': 0, 'noise': 0, 'n': 60, 'shap_error': np.float64(0.6393436083818053), 'shap_norm_sq': np.float64(2.0152143393841495)}
{'sample_size': 1920, 'difference': 0, 'noise': 0, 'n': 60, 'shap_error': np.float64(0.11969144006961956), 'shap_norm_sq': np.float64(2.0152143393841495)}
{'sample_size': 3840, 'difference': 0, 'noise': 0, 'n': 60, 'shap_error': np.float64(0.05994425573229641), 'shap_norm_sq': np.float64(2.0152143393841495)}
{'sample_size': 7680, 'difference': 0, 'noise': 0, 'n': 60, 'shap_error': np.float64(0.026580819521479174), 'shap_norm_sq': np.float64(2.0152143393841495)}
{'sample_size': 15360, 'difference': 0, 'noise': 0, 'n': 60, 'shap_error': np.float64(0.014462877695143523), 'shap_norm_sq': np.float64(2.0152143393841495)}
{'sample_size': 15, 'difference': -7, 'noise': 0, 'n': 60, 'shap_error': np.float64(2.9021477745040687), 'shap_norm_sq': np.float64(5.172210376119464)}
{'sample_size': 30, 'difference': 1, 'noise': 0, 'n': 60, 'shap_error': np.float64(2.8809293739491344), 'shap_norm_sq': np.float64(5.172210376119464)}
{'sample_size': 60, 'difference': 0, 'noise': 0, 'n': 60, 'shap_error': np.float64(4.363555935176419), 'shap_norm_sq': np.float64(5.172210376119464)}
{'sample_size': 120, 'difference': 0, 'noise': 0, 'n': 60, 'shap_error': np.float64(29.880371637146357), 'shap_norm_sq': np.float64(5.172210376119464)}
{'sample_size': 240, 'difference': 0, 'noise': 0, 'n': 60, 'shap_error': np.float64(4.356851429020094), 'shap_norm_sq': np.float64(5.172210376119464)}
{'sample_size': 480, 'difference': 0, 'noise': 0, 'n': 60, 'shap_error': np.float64(2.1337801817452346), 'shap_norm_sq': np.float64(5.172210376119464)}
{'sample_size': 960, 'difference': 0, 'noise': 0, 'n': 60, 'shap_error': np.float64(0.6720904813332529), 'shap_norm_sq': np.float64(5.172210376119464)}
{'sample_size': 1920, 'difference': 0, 'noise': 0, 'n': 60, 'shap_error': np.float64(0.2890094166734784), 'shap_norm_sq': np.float64(5.172210376119464)}
{'sample_size': 3840, 'difference': 0, 'noise': 0, 'n': 60, 'shap_error': np.float64(0.21867206237955597), 'shap_norm_sq': np.float64(5.172210376119464)}
{'sample_size': 7680, 'difference': 0, 'noise': 0, 'n': 60, 'shap_error': np.float64(0.05616274235413822), 'shap_norm_sq': np.float64(5.172210376119464)}
{'sample_size': 15360, 'difference': 0, 'noise': 0, 'n': 60, 'shap_error': np.float64(0.02100461140378195), 'shap_norm_sq': np.float64(5.172210376119464)}
{'sample_size': 15, 'difference': -7, 'noise': 0, 'n': 60, 'shap_error': np.float64(6.5304261908150165), 'shap_norm_sq': np.float64(2.9313473586457985)}
{'sample_size': 30, 'difference': 1, 'noise': 0, 'n': 60, 'shap_error': np.float64(3.9982277579890844), 'shap_norm_sq': np.float64(2.9313473586457985)}
{'sample_size': 60, 'difference': 0, 'noise': 0, 'n': 60, 'shap_error': np.float64(6.315993970381828), 'shap_norm_sq': np.float64(2.9313473586457985)}
{'sample_size': 120, 'difference': 0, 'noise': 0, 'n': 60, 'shap_error': np.float64(51.66317159038512), 'shap_norm_sq': np.float64(2.9313473586457985)}
{'sample_size': 240, 'difference': 0, 'noise': 0, 'n': 60, 'shap_error': np.float64(13.135021791089756), 'shap_norm_sq': np.float64(2.9313473586457985)}
{'sample_size': 480, 'difference': 0, 'noise': 0, 'n': 60, 'shap_error': np.float64(6.118287245936771), 'shap_norm_sq': np.float64(2.9313473586457985)}
{'sample_size': 960, 'difference': 0, 'noise': 0, 'n': 60, 'shap_error': np.float64(1.4645152751654524), 'shap_norm_sq': np.float64(2.9313473586457985)}
{'sample_size': 1920, 'difference': 0, 'noise': 0, 'n': 60, 'shap_error': np.float64(0.816306955967098), 'shap_norm_sq': np.float64(2.9313473586457985)}
{'sample_size': 3840, 'difference': 0, 'noise': 0, 'n': 60, 'shap_error': np.float64(0.519239870762091), 'shap_norm_sq': np.float64(2.9313473586457985)}
{'sample_size': 7680, 'difference': 0, 'noise': 0, 'n': 60, 'shap_error': np.float64(0.13533046195758014), 'shap_norm_sq': np.float64(2.9313473586457985)}
{'sample_size': 15360, 'difference': 0, 'noise': 0, 'n': 60, 'shap_error': np.float64(0.05721209726484945), 'shap_norm_sq': np.float64(2.9313473586457985)}
{'sample_size': 15, 'difference': -7, 'noise': 0, 'n': 60, 'shap_error': np.float64(0.7360701684909177), 'shap_norm_sq': np.float64(2.9851894576642684)}
{'sample_size': 30, 'difference': 1, 'noise': 0, 'n': 60, 'shap_error': np.float64(0.7819415752373441), 'shap_norm_sq': np.float64(2.9851894576642684)}
{'sample_size': 60, 'difference': 0, 'noise': 0, 'n': 60, 'shap_error': np.float64(0.5566343245770727), 'shap_norm_sq': np.float64(2.9851894576642684)}
{'sample_size': 120, 'difference': 0, 'noise': 0, 'n': 60, 'shap_error': np.float64(0.7006774194319636), 'shap_norm_sq': np.float64(2.9851894576642684)}
{'sample_size': 240, 'difference': 0, 'noise': 0, 'n': 60, 'shap_error': np.float64(0.278332159235291), 'shap_norm_sq': np.float64(2.9851894576642684)}
{'sample_size': 480, 'difference': 0, 'noise': 0, 'n': 60, 'shap_error': np.float64(0.08327816467378103), 'shap_norm_sq': np.float64(2.9851894576642684)}
{'sample_size': 960, 'difference': 0, 'noise': 0, 'n': 60, 'shap_error': np.float64(0.032504705357507276), 'shap_norm_sq': np.float64(2.9851894576642684)}
{'sample_size': 1920, 'difference': 0, 'noise': 0, 'n': 60, 'shap_error': np.float64(0.01601416147262127), 'shap_norm_sq': np.float64(2.9851894576642684)}
{'sample_size': 3840, 'difference': 0, 'noise': 0, 'n': 60, 'shap_error': np.float64(0.0076359456522411), 'shap_norm_sq': np.float64(2.9851894576642684)}
{'sample_size': 7680, 'difference': 0, 'noise': 0, 'n': 60, 'shap_error': np.float64(0.002034125204050242), 'shap_norm_sq': np.float64(2.9851894576642684)}
{'sample_size': 15360, 'difference': 0, 'noise': 0, 'n': 60, 'shap_error': np.float64(0.0018768749978993057), 'shap_norm_sq': np.float64(2.9851894576642684)}
{'sample_size': 15, 'difference': -7, 'noise': 0, 'n': 60, 'shap_error': np.float64(2.304684192122268), 'shap_norm_sq': np.float64(5.403667787235663)}
{'sample_size': 30, 'difference': 1, 'noise': 0, 'n': 60, 'shap_error': np.float64(1.6989658768490872), 'shap_norm_sq': np.float64(5.403667787235663)}
{'sample_size': 60, 'difference': 0, 'noise': 0, 'n': 60, 'shap_error': np.float64(3.0836046808835356), 'shap_norm_sq': np.float64(5.403667787235663)}
{'sample_size': 120, 'difference': 0, 'noise': 0, 'n': 60, 'shap_error': np.float64(8.396427348177259), 'shap_norm_sq': np.float64(5.403667787235663)}
{'sample_size': 240, 'difference': 0, 'noise': 0, 'n': 60, 'shap_error': np.float64(5.140702216017513), 'shap_norm_sq': np.float64(5.403667787235663)}
{'sample_size': 480, 'difference': 0, 'noise': 0, 'n': 60, 'shap_error': np.float64(1.474635061806339), 'shap_norm_sq': np.float64(5.403667787235663)}
{'sample_size': 960, 'difference': 0, 'noise': 0, 'n': 60, 'shap_error': np.float64(0.6905461427389344), 'shap_norm_sq': np.float64(5.403667787235663)}
{'sample_size': 1920, 'difference': 0, 'noise': 0, 'n': 60, 'shap_error': np.float64(0.2100308437886476), 'shap_norm_sq': np.float64(5.403667787235663)}
{'sample_size': 3840, 'difference': 0, 'noise': 0, 'n': 60, 'shap_error': np.float64(0.07738783605540227), 'shap_norm_sq': np.float64(5.403667787235663)}
{'sample_size': 7680, 'difference': 0, 'noise': 0, 'n': 60, 'shap_error': np.float64(0.04492887255368609), 'shap_norm_sq': np.float64(5.403667787235663)}
{'sample_size': 15360, 'difference': 0, 'noise': 0, 'n': 60, 'shap_error': np.float64(0.02244572225920949), 'shap_norm_sq': np.float64(5.403667787235663)}
{'sample_size': 15, 'difference': -7, 'noise': 0, 'n': 60, 'shap_error': np.float64(5.718399303007014), 'shap_norm_sq': np.float64(4.9497921784935075)}
{'sample_size': 30, 'difference': 1, 'noise': 0, 'n': 60, 'shap_error': np.float64(4.621909912426814), 'shap_norm_sq': np.float64(4.9497921784935075)}
{'sample_size': 60, 'difference': 0, 'noise': 0, 'n': 60, 'shap_error': np.float64(7.89572787697809), 'shap_norm_sq': np.float64(4.9497921784935075)}
{'sample_size': 120, 'difference': 0, 'noise': 0, 'n': 60, 'shap_error': np.float64(59.048847140391025), 'shap_norm_sq': np.float64(4.9497921784935075)}
{'sample_size': 240, 'difference': 0, 'noise': 0, 'n': 60, 'shap_error': np.float64(14.741525940573734), 'shap_norm_sq': np.float64(4.9497921784935075)}
{'sample_size': 480, 'difference': 0, 'noise': 0, 'n': 60, 'shap_error': np.float64(6.413033620248663), 'shap_norm_sq': np.float64(4.9497921784935075)}
{'sample_size': 960, 'difference': 0, 'noise': 0, 'n': 60, 'shap_error': np.float64(2.685949805007332), 'shap_norm_sq': np.float64(4.9497921784935075)}
{'sample_size': 1920, 'difference': 0, 'noise': 0, 'n': 60, 'shap_error': np.float64(1.0560214690714613), 'shap_norm_sq': np.float64(4.9497921784935075)}
{'sample_size': 3840, 'difference': 0, 'noise': 0, 'n': 60, 'shap_error': np.float64(0.3108391968126086), 'shap_norm_sq': np.float64(4.9497921784935075)}
{'sample_size': 7680, 'difference': 0, 'noise': 0, 'n': 60, 'shap_error': np.float64(0.12483791444041498), 'shap_norm_sq': np.float64(4.9497921784935075)}
{'sample_size': 15360, 'difference': 0, 'noise': 0, 'n': 60, 'shap_error': np.float64(0.0537599998127063), 'shap_norm_sq': np.float64(4.9497921784935075)}
{'sample_size': 15, 'difference': -7, 'noise': 0, 'n': 60, 'shap_error': np.float64(3.9692830502661844), 'shap_norm_sq': np.float64(3.39109585466084)}
{'sample_size': 30, 'difference': 1, 'noise': 0, 'n': 60, 'shap_error': np.float64(3.316070137226621), 'shap_norm_sq': np.float64(3.39109585466084)}
{'sample_size': 60, 'difference': 0, 'noise': 0, 'n': 60, 'shap_error': np.float64(6.550859685175748), 'shap_norm_sq': np.float64(3.39109585466084)}
{'sample_size': 120, 'difference': 0, 'noise': 0, 'n': 60, 'shap_error': np.float64(43.980508382645645), 'shap_norm_sq': np.float64(3.39109585466084)}
{'sample_size': 240, 'difference': 0, 'noise': 0, 'n': 60, 'shap_error': np.float64(10.35181693354228), 'shap_norm_sq': np.float64(3.39109585466084)}
{'sample_size': 480, 'difference': 0, 'noise': 0, 'n': 60, 'shap_error': np.float64(3.967769075047615), 'shap_norm_sq': np.float64(3.39109585466084)}
{'sample_size': 960, 'difference': 0, 'noise': 0, 'n': 60, 'shap_error': np.float64(1.4182974264622006), 'shap_norm_sq': np.float64(3.39109585466084)}
{'sample_size': 1920, 'difference': 0, 'noise': 0, 'n': 60, 'shap_error': np.float64(0.49978541522155623), 'shap_norm_sq': np.float64(3.39109585466084)}
{'sample_size': 3840, 'difference': 0, 'noise': 0, 'n': 60, 'shap_error': np.float64(0.2679395610085794), 'shap_norm_sq': np.float64(3.39109585466084)}
{'sample_size': 7680, 'difference': 0, 'noise': 0, 'n': 60, 'shap_error': np.float64(0.1278217370496091), 'shap_norm_sq': np.float64(3.39109585466084)}
{'sample_size': 15360, 'difference': 0, 'noise': 0, 'n': 60, 'shap_error': np.float64(0.054620116283571114), 'shap_norm_sq': np.float64(3.39109585466084)}
{'sample_size': 15, 'difference': -7, 'noise': 0, 'n': 60, 'shap_error': np.float64(1.6440469418040478), 'shap_norm_sq': np.float64(4.54154695056355)}
{'sample_size': 30, 'difference': 1, 'noise': 0, 'n': 60, 'shap_error': np.float64(1.7704714465487208), 'shap_norm_sq': np.float64(4.54154695056355)}
{'sample_size': 60, 'difference': 0, 'noise': 0, 'n': 60, 'shap_error': np.float64(3.4725569161980707), 'shap_norm_sq': np.float64(4.54154695056355)}
{'sample_size': 120, 'difference': 0, 'noise': 0, 'n': 60, 'shap_error': np.float64(9.540427869264803), 'shap_norm_sq': np.float64(4.54154695056355)}
{'sample_size': 240, 'difference': 0, 'noise': 0, 'n': 60, 'shap_error': np.float64(1.9203802178190792), 'shap_norm_sq': np.float64(4.54154695056355)}
{'sample_size': 480, 'difference': 0, 'noise': 0, 'n': 60, 'shap_error': np.float64(1.1393095175200487), 'shap_norm_sq': np.float64(4.54154695056355)}
{'sample_size': 960, 'difference': 0, 'noise': 0, 'n': 60, 'shap_error': np.float64(0.3340110540765964), 'shap_norm_sq': np.float64(4.54154695056355)}
{'sample_size': 1920, 'difference': 0, 'noise': 0, 'n': 60, 'shap_error': np.float64(0.12528967346443384), 'shap_norm_sq': np.float64(4.54154695056355)}
{'sample_size': 3840, 'difference': 0, 'noise': 0, 'n': 60, 'shap_error': np.float64(0.05380020084793225), 'shap_norm_sq': np.float64(4.54154695056355)}
{'sample_size': 7680, 'difference': 0, 'noise': 0, 'n': 60, 'shap_error': np.float64(0.03709179722869391), 'shap_norm_sq': np.float64(4.54154695056355)}
{'sample_size': 15360, 'difference': 0, 'noise': 0, 'n': 60, 'shap_error': np.float64(0.0135851043575021), 'shap_norm_sq': np.float64(4.54154695056355)}
{'sample_size': 15, 'difference': -7, 'noise': 0, 'n': 60, 'shap_error': np.float64(2.681449086138654), 'shap_norm_sq': np.float64(1.708127072925964)}
{'sample_size': 30, 'difference': 1, 'noise': 0, 'n': 60, 'shap_error': np.float64(2.6518308151565213), 'shap_norm_sq': np.float64(1.708127072925964)}
{'sample_size': 60, 'difference': 0, 'noise': 0, 'n': 60, 'shap_error': np.float64(6.2518051420493945), 'shap_norm_sq': np.float64(1.708127072925964)}
{'sample_size': 120, 'difference': 0, 'noise': 0, 'n': 60, 'shap_error': np.float64(18.837712370717416), 'shap_norm_sq': np.float64(1.708127072925964)}
{'sample_size': 240, 'difference': 0, 'noise': 0, 'n': 60, 'shap_error': np.float64(10.660567928187097), 'shap_norm_sq': np.float64(1.708127072925964)}
{'sample_size': 480, 'difference': 0, 'noise': 0, 'n': 60, 'shap_error': np.float64(2.5443071323206827), 'shap_norm_sq': np.float64(1.708127072925964)}
{'sample_size': 960, 'difference': 0, 'noise': 0, 'n': 60, 'shap_error': np.float64(1.1382132809592398), 'shap_norm_sq': np.float64(1.708127072925964)}
{'sample_size': 1920, 'difference': 0, 'noise': 0, 'n': 60, 'shap_error': np.float64(0.5287298671659317), 'shap_norm_sq': np.float64(1.708127072925964)}
{'sample_size': 3840, 'difference': 0, 'noise': 0, 'n': 60, 'shap_error': np.float64(0.25179384081413797), 'shap_norm_sq': np.float64(1.708127072925964)}
{'sample_size': 7680, 'difference': 0, 'noise': 0, 'n': 60, 'shap_error': np.float64(0.09004119029007167), 'shap_norm_sq': np.float64(1.708127072925964)}
{'sample_size': 15360, 'difference': 0, 'noise': 0, 'n': 60, 'shap_error': np.float64(0.03676739767272456), 'shap_norm_sq': np.float64(1.708127072925964)}
